{
  "diversity": {
    "time_s": 1670.2607335559996,
    "peak_mem_mb": 118.91166591644287,
    "stat": "diversity",
    "pi": 0.034147787376154135,
    "theta_w": 0.036025734395653215,
    "tajima_d": -0.1687957801537721,
    "n_variants": 929834
  },
  "fst": {
    "time_s": 2644.4211636029995,
    "peak_mem_mb": 681.1204023361206,
    "stat": "fst",
    "fst": 0.1360254442848204,
    "n_variants": 929834
  },
  "sfs": {
    "time_s": 1198.9117648379997,
    "peak_mem_mb": 36.37073230743408,
    "stat": "sfs",
    "sfs_sum": 929834,
    "n_variants": 929834
  },
  "ihs": {
    "time_s": 2269.683374999,
    "peak_mem_mb": 557.7594757080078,
    "stat": "ihs",
    "n_variants": 89618
  },
  "xpehh": {
    "time_s": 2427.4261802069996,
    "peak_mem_mb": 1051.0068197250366,
    "stat": "xpehh",
    "n_variants": 929194
  }
}